325245, 372753, 260187, 325239, 417777, 415287, 360250, 347744, 362724, 265191, 362741, 385252, 380252, 320227, 320231, 382740, 267697, 367722, 370244, 362723, 380247, 370245, 372760, 277696, 330235, 172608, 23.711, 362725, 377742, 387752, 252704, 382742, 387753, 252682, 385252, 275191, 345246, 27.3567, 277710, 337739, 297708, 325230, 262703, 242668, 390245, 380252, 355249, 382751, 287720, 250167, 332741, 347743, 502783, 275195, 572768, 310221, 385251, 357739, 292708, 380253, 335208, 245160, 380227, 257688, 227657, 507798, 427761, 345241, 232668, 240168, 242672, 387751, 275207, 282703, 245180, 292721, 350242, 365251, 17.597, 302721, 292698, 510283, 365246, 260182, 260186, 34.3235, 285209, 342720, 215172, 275207, 507769, 380242, 380246, 267694, 387744, 242679, 322706, 337726, 370228, 332739
365251, 357739, 260186, 23.711, 365251, 325239, 415287, 172608, 427761, 387751, 260182, 252682, 357739, 17.597, 292721, 380246, 355249, 240168, 370228, 362725, 345246, 335208, 507769, 257688, 350242, 292721, 242668, 385251, 242679, 285209, 23.711, 17.597, 387753, 347744, 242679, 292708, 232668, 172608, 335208, 345241, 350242, 322706, 385251, 330235, 380242, 17.597, 297708, 242668, 385251, 310221, 257685, 95118.9, 315200, 250181, 245177, 385252, 360250, 295209, 350242, 295226, 260182, 332708, 155101, 21.4963, 335233, 197621, 372730, 385251, 387748, 157602, 347741, 242668, 360224, 227665, 385253, 262689, 515263, 385250, 385253, 432761, 285183, 360224, 335234, 270193, 260190, 330206, 362725, 297711, 380242, 212631, 320205, 382750, 212627, 357750, 265183, 380244, 242668, 370252, 167607, 277701
350242, 355249, 357739, 385253, 387748, 350242, 370228, 21.4963, 250181, 365251, 380242, 295226, 17.597, 380242, 385251, 357739, 325239, 357739, 385253, 507769, 372730, 23.711, 427761, 23.711, 227665, 507769, 245177, 360224, 325239, 372730, 23.711, 270193, 212631, 385251, 260182, 350242, 270193, 292721, 432761, 325239, 432761, 385253, 17.597, 330206, 385251, 285209, 257688, 362725, 242668, 242679, 370230, 270195, 48.0025, 87615.2, 385253, 30.4595, 242677, 385252, 385252, 72605.6, 290219, 250152, 440261, 245180, 380242, 337744, 2545.79, 367752, 385249, 435261, 500262, 350241, 295224, 362750, 357734, 372731, 515270, 322701, 372729, 380242, 352718, 257664, 317724, 387750, 375232, 240165, 387751, 385239, 225139, 372730, 372732, 385253, 355245, 307737, 380242, 350241, 365226, 29.3479, 27544.6, 385251
242679, 21.4963, 330206, 292721, 507769, 260182, 337744, 380242, 380242, 507769, 72605.6, 292721, 337744, 30.4595, 72605.6, 385251, 355249, 507769, 227665, 372732, 352718, 330206, 242668, 372730, 242679, 380242, 290219, 270193, 357739, 242668, 372730, 387750, 362725, 357734, 23.711, 2545.79, 355245, 87615.2, 350242, 350242, 380242, 29.3479, 23.711, 385253, 515270, 295226, 257688, 385239, 370228, 435261, 365226, 367729, 295223, 380242, 35.6242, 362725, 387754, 520270, 270193, 205164, 375234, 387751, 240176, 345245, 29.8689, 377733, 15054.7, 330206, 387750, 497769, 140148, 355250, 195160, 227663, 192673, 370229, 245167, 380242, 19.5657, 52.6762, 547763, 360223, 367728, 342746, 380235, 70091.9, 320202, 180168, 490265, 382750, 367728, 357721, 390249, 387750, 322696, 165160, 365226, 282710, 247671, 377749
257688, 507769, 330206, 29.8689, 242679, 70091.9, 375234, 385239, 195160, 507769, 257688, 345245, 350242, 242679, 242679, 240176, 507769, 257688, 377733, 350242, 372730, 387750, 547763, 330206, 357721, 195160, 30.4595, 87615.2, 390249, 180168, 242679, 357721, 387750, 227663, 367729, 52.6762, 350242, 72605.6, 29.3479, 242668, 260182, 192673, 320202, 355250, 21.4963, 242668, 375234, 355249, 362725, 377733, 357720, 360223, 332707, 245178, 382749, 502768, 24.8545, 252690, 357751, 440260, 242675, 362723, 385249, 92571.9, 357710, 347740, 48.3361, 497759, 242695, 375234, 242677, 260189, 82610.6, 2.22813, 232690, 255180, 260189, 25.9061, 380236, 245170, 57595.7, 330235, 257688, 362726, 370229, 255189, 327707, 385249, 377736, 352748, 372730, 127625, 210167, 237668, 7.22565, 377740, 260188, 352719, 360222, 277687
327707, 320202, 257688, 2.22813, 29.8689, 385249, 192673, 347740, 355250, 195160, 320202, 242695, 382749, 357720, 260182, 21.4963, 347740, 260182, 357720, 245170, 242695, 385249, 332707, 2.22813, 377740, 497759, 255180, 242679, 237668, 370229, 357751, 257688, 362726, 352748, 352748, 385249, 2.22813, 242668, 257688, 29.8689, 260189, 195160, 242679, 355250, 245170, 255180, 547763, 260189, 240176, 257688, 347739, 525260, 54.9424, 380250, 370230, 385250, 262682, 100124, 370256, 245172, 352747, 272684, 267683, 260189, 257688, 57561.8, 357752, 245169, 245147, 345243, 260189, 377752, 342743, 240171, 260189, 245169, 245170, 245170, 242676, 387745, 240175, 302694, 192617, 297702, 262690, 250173, 260188, 352742, 35.9519, 37.383, 365255, 247670, 242673, 385250, 180111, 25.3265, 165160, 360251, 272679, 362728
387745, 385249, 245169, 355250, 347739, 547763, 262682, 320202, 260182, 257688, 260182, 260182, 195160, 37.383, 29.8689, 360251, 357751, 245147, 370229, 345243, 242668, 327707, 272679, 257688, 357720, 2.22813, 327707, 57561.8, 54.9424, 237668, 380250, 242673, 320202, 250173, 37.383, 2.22813, 497759, 240171, 245170, 2.22813, 260189, 2.22813, 257688, 260189, 547763, 195160, 260189, 352742, 21.4963, 342743, 345238, 292686, 327710, 347745, 15.7417, 32.415, 242680, 10.4862, 255181, 370250, 242671, 20068.2, 305200, 252680, 555262, 362754, 36.9492, 260182, 360223, 22.5897, 357749, 217631, 535265, 407758, 272684, 252675, 252680, 80098.4, 247671, 387741, 352742, 357751, 245168, 320200, 365255, 267689, 36.3389, 245170, 365254, 370255, 247672, 322703, 242668, 172664, 155100, 247672, 255181, 260189, 245172, 260189
407758, 252675, 260189, 260182, 247672, 242673, 252675, 260189, 320202, 320202, 245170, 255181, 327707, 365254, 272679, 2.22813, 362754, 260189, 250173, 255181, 385249, 260189, 260182, 260189, 292686, 347739, 245172, 345243, 2.22813, 292686, 250173, 260189, 385249, 37.383, 555262, 245147, 245169, 327710, 370255, 245170, 247671, 260182, 245172, 370229, 257688, 260189, 360251, 250173, 262682, 237668, 247670, 385250, 127588, 260175, 462761, 335209, 400249, 370258, 245167, 360254, 267684, 242675, 370229, 260187, 250173, 355248, 247668, 315199, 342713, 420262, 437773, 560265, 255169, 367727, 355248, 330206, 350247, 250173, 255188, 410257, 375232, 242669, 250174, 405251, 387750, 257681, 255181, 252674, 310194, 262690, 255179, 292686, 315197, 317690, 265183, 272685, 250173, 245174, 310196, 315207
327707, 257681, 260189, 257681, 315199, 245174, 245172, 260187, 315197, 362754, 260182, 385250, 362754, 255169, 252675, 260182, 260189, 335209, 245147, 257688, 252675, 260175, 250173, 370255, 245170, 245169, 327707, 245172, 260189, 375232, 347739, 360251, 315207, 355248, 272685, 245172, 462761, 260175, 260187, 245172, 410257, 272679, 250173, 310194, 345243, 317690, 370229, 385250, 370255, 260187, 265183, 290197, 357751, 245167, 262688, 257681, 255189, 350213, 305203, 312699, 330206, 235145, 250179, 262689, 247672, 352716, 302692, 245175, 240168, 352713, 395265, 315197, 380247, 227662, 307694, 260188, 352748, 250174, 252661, 312698, 345238, 242677, 392743, 250179, 380236, 330207, 245174, 375258, 345244, 260188, 272685, 117585, 227658, 262690, 377760, 280187, 257674, 247679, 355249, 295190
352713, 262689, 245169, 265183, 307694, 345238, 260187, 252661, 385250, 305203, 302692, 327707, 250173, 355248, 242677, 370229, 242677, 265183, 227658, 260182, 240168, 245172, 250173, 315199, 357751, 257681, 247679, 302692, 250179, 262689, 245172, 290197, 352748, 355249, 262688, 245172, 362754, 290197, 385250, 255189, 260175, 250173, 272679, 260182, 245172, 257681, 245172, 260175, 255189, 345244, 250173, 267685, 250172, 340235, 250171, 255181, 330229, 380264, 347718, 365227, 305195, 257688, 242669, 312696, 245170, 250180, 262690, 340209, 247671, 240178, 232667, 385249, 247673, 272685, 292687, 250177, 245171, 265176, 252670, 270184, 262689, 322704, 242669, 300200, 240174, 362752, 242671, 245166, 255189, 227654, 255173, 250180, 252674, 247672, 280188, 242669, 352748, 262683, 315197, 177653
327707, 252674, 262689, 247673, 357751, 265183, 315199, 242669, 250172, 352713, 245170, 307694, 307694, 300200, 262683, 242669, 260187, 242669, 247672, 245172, 352713, 305195, 227654, 265183, 232667, 247672, 252661, 250173, 257681, 242677, 260182, 257688, 315197, 262683, 250180, 262689, 247671, 242669, 385249, 260182, 380264, 250179, 245166, 250179, 305195, 302692, 385249, 385250, 352748, 245170, 372760, 250179, 245171, 385250, 312698, 297689, 227663, 255188, 155096, 242668, 262689, 385250, 362755, 252674, 300193, 245174, 255173, 297693, 385250, 242668, 240178, 387751, 245171, 387751, 260188, 260182, 240172, 245173, 310198, 395271, 250173, 312699, 255180, 250166, 245171, 215131, 247671, 335208, 252689, 262675, 240166, 247673, 242668, 227654, 240177, 247667, 247673, 222664, 247672, 310196
385250, 240178, 262689, 227654, 155096, 310198, 250179, 260182, 262683, 387751, 250166, 245171, 245172, 260187, 297689, 252661, 255180, 215131, 327707, 385250, 250172, 357751, 240166, 255180, 257688, 242668, 232667, 245170, 240166, 252674, 240166, 232667, 300200, 315199, 247673, 247673, 245171, 250179, 385250, 385250, 310196, 245171, 247671, 245170, 245170, 242677, 315197, 252674, 250179, 305195, 382750, 242667, 230155, 317698, 245161, 275186, 387751, 227664, 280187, 265184, 387751, 227656, 295192, 247672, 247673, 285188, 245172, 242670, 240178, 250168, 257680, 245170, 227653, 382750, 242668, 387751, 250167, 285188, 322701, 245173, 257690, 227650, 385249, 242668, 260189, 262689, 245172, 240169, 242668, 245172, 312698, 247678, 242667, 255190, 280187, 385249, 315197, 247672, 250172, 260190
247672, 297689, 245172, 382750, 240166, 382750, 232667, 247671, 245173, 240169, 385249, 245170, 387751, 250166, 250172, 385250, 245172, 315199, 260189, 257680, 252674, 227664, 387751, 310198, 245172, 265184, 385249, 250166, 257680, 242668, 245172, 247673, 257680, 250179, 322701, 260187, 305195, 242668, 242668, 230155, 387751, 230155, 327707, 305195, 247673, 295192, 247678, 242668, 215131, 357751, 305197, 307697, 247673, 247672, 257679, 385251, 370218, 250174, 350213, 240175, 257673, 262682, 242667, 300194, 387751, 227662, 387750, 242673, 247673, 247678, 387752, 312696, 390251, 242668, 387750, 385250, 247679, 312699, 245174, 245171, 387751, 305192, 242671, 282689, 245180, 227655, 387752, 245169, 382748, 247673, 252661, 282689, 227644, 302696, 247675, 245170, 242667, 227655, 382749, 250181
387751, 240169, 282689, 250174, 242668, 327707, 227664, 242668, 305197, 252661, 250181, 262682, 230155, 387751, 245172, 382748, 240166, 250166, 385251, 245172, 247672, 245172, 310198, 387751, 242667, 227655, 242668, 245172, 245172, 257680, 302696, 240169, 387751, 245172, 240166, 312699, 242668, 242668, 252674, 305195, 357751, 315199, 387750, 387751, 305192, 257673, 265184, 305192, 305197, 252661, 242667, 227655, 237668, 387751, 257675, 387751, 257678, 247672, 285189, 265184, 240168, 370247, 385250, 242672, 305192, 245169, 245171, 300196, 242672, 292690, 260182, 385250, 240164, 385251, 252671, 295193, 240170, 247670, 387752, 245169, 302696, 302695, 250172, 320200, 240169, 227654, 292687, 250168, 385250, 197662, 227663, 240172, 315198, 237676, 320202, 242667, 242672, 245165, 242668, 240169
242668, 257678, 250174, 387751, 315198, 242668, 250166, 305192, 242672, 265184, 245172, 240169, 385250, 250166, 387751, 242668, 250174, 197662, 315199, 305192, 240166, 385251, 245169, 237668, 387752, 252661, 295193, 382748, 385251, 237668, 302696, 315198, 245169, 247672, 305192, 245172, 320202, 247670, 252674, 385251, 315198, 387751, 257675, 320200, 305192, 252674, 245169, 302696, 305192, 315199, 387750, 105112, 320202, 242670, 385249, 262675, 245170, 387750, 245168, 310195, 237667, 205126, 250172, 387752, 387752, 250161, 250174, 247673, 282689, 322701, 262683, 377749, 240169, 245169, 320201, 307694, 242667, 240167, 245172, 245169, 250176, 292687, 385249, 385250, 245170, 245172, 310195, 247671, 225165, 305196, 240166, 230166, 317698, 227662, 387751, 252682, 297695, 385249, 277680, 255168
237667, 245169, 197662, 377749, 385249, 227662, 252682, 387751, 242668, 387751, 385250, 262683, 250172, 252674, 105112, 252682, 382748, 387752, 242668, 262683, 245172, 242668, 320202, 315198, 305196, 315198, 307694, 385250, 252674, 387752, 277680, 237667, 105112, 252661, 387752, 242670, 385250, 385249, 305192, 105112, 387750, 250174, 225165, 237668, 247671, 247672, 297695, 250174, 385251, 387750, 387751, 282682, 267685, 250173, 387751, 12551.7, 250173, 382749, 247670, 385252, 240176, 12.9868, 250173, 245179, 295188, 335208, 237677, 275179, 270178, 387752, 385251, 385249, 387752, 380249, 287685, 227662, 260175, 385250, 302696, 245179, 250174, 332707, 337709, 362746, 257682, 312698, 295187, 387751, 387751, 387752, 257674, 260177, 390251, 250169, 207667, 47575.7, 297694, 227656, 385250, 252676
295188, 225165, 295188, 250169, 382748, 225165, 252661, 260177, 250172, 262683, 297695, 237667, 245179, 277680, 387751, 387752, 105112, 385251, 287685, 197662, 237677, 260177, 240176, 252661, 245169, 382748, 387751, 12.9868, 250173, 295188, 295187, 257682, 245179, 252682, 387752, 47575.7, 105112, 225165, 105112, 307694, 362746, 242670, 305192, 250173, 387752, 382748, 250173, 385249, 245169, 252682, 227662, 175146, 282688, 385250, 250179, 242674, 270178, 160098, 192654, 240177, 262690, 27.6541, 385250, 387752, 227664, 250170, 295188, 245179, 255171, 277681, 240178, 15040.5, 287685, 267686, 385252, 302691, 385252, 227655, 172605, 257682, 227662, 212668, 240178, 212630, 242674, 240177, 75094.1, 300190, 257674, 227655, 227664, 307690, 187652, 165143, 292687, 252674, 385251, 242670, 255168, 15.3978
385250, 105112, 160098, 242670, 252682, 387752, 387752, 192654, 387751, 105112, 227664, 252661, 250179, 15040.5, 172605, 362746, 252661, 257674, 165143, 250170, 387751, 250169, 282688, 260177, 250172, 237667, 282688, 252674, 245179, 250169, 250173, 242670, 287685, 227662, 197662, 387752, 295188, 252674, 277680, 15040.5, 172605, 255168, 160098, 257674, 387752, 382748, 307694, 295188, 245169, 197662, 282683, 232677, 32545.3, 252673, 387751, 33.9323, 387752, 192618, 307693, 277681, 247680, 227665, 387751, 227665, 247671, 237668, 277682, 250184, 227654, 282684, 255176, 245170, 202664, 242668, 14.471, 115119, 252669, 237646, 242668, 247653, 250172, 245170, 387752, 387750, 225139, 192656, 227657, 342714, 257674, 385251, 250166, 33.7338, 250166, 385251, 275187, 285185, 230164, 275187, 300190, 322708
245170, 247671, 197662, 385250, 197662, 250184, 192654, 245170, 252682, 32545.3, 14.471, 387752, 255168, 250172, 252682, 105112, 387752, 255168, 245170, 237668, 385250, 242668, 242668, 250179, 250184, 247671, 192618, 307694, 250166, 15040.5, 105112, 242668, 192654, 252669, 192654, 247680, 237667, 387751, 250173, 385251, 197662, 250166, 282688, 247680, 277681, 172605, 255168, 105112, 160098, 250166, 245153, 387751, 15.8908, 252681, 280188, 242650, 225174, 250170, 75094.2, 152595, 242669, 240168, 242677, 252672, 247678, 257674, 227657, 242667, 250168, 245152, 102571, 215169, 247673, 235168, 252675, 247671, 227655, 230167, 257672, 250173, 25.1867, 250160, 240166, 235168, 245169, 27564.5, 382751, 107573, 307693, 240176, 247667, 242669, 315197, 237678, 245170, 247654, 57581.1, 247670, 247671, 215149
197662, 252669, 257674, 247680, 247654, 235168, 237678, 107573, 282688, 247671, 252672, 15040.5, 252682, 250170, 105112, 25.1867, 247671, 197662, 250160, 240168, 107573, 250166, 25.1867, 250168, 237667, 250184, 250160, 105112, 245153, 242669, 15040.5, 257674, 307693, 247671, 252669, 247670, 152595, 250184, 245170, 252682, 242668, 250184, 192654, 247670, 57581.1, 257672, 252681, 385250, 252682, 277681, 242669, 222638, 227657, 97608.3, 227662, 240172, 250173, 247663, 42547.8, 250171, 237668, 245170, 347712, 77594.5, 110074, 132584, 390251, 247671, 252671, 30.2483, 260174, 310192, 285180, 130083, 227655, 277687, 255158, 300190, 250174, 230143, 247670, 255165, 160145, 245157, 250171, 240167, 250160, 255169, 180110, 140134, 247671, 250157, 255182, 270179, 270182, 272680, 247672, 247666, 207627, 262683
252672, 237668, 250160, 250157, 250184, 227657, 197662, 77594.5, 247670, 130083, 227655, 247670, 250184, 255158, 242669, 245170, 257672, 247680, 252682, 250171, 310192, 255165, 252682, 250171, 247671, 180110, 252682, 110074, 30.2483, 42547.8, 257674, 307693, 57581.1, 57581.1, 160145, 252672, 105112, 245153, 247670, 252669, 227655, 242669, 247663, 192654, 250184, 252681, 250168, 252682, 260174, 255158, 205125, 247665, 315205, 265177, 292687, 177609, 245170, 302692, 272685, 240179, 257674, 250171, 252670, 237669, 80061.8, 28.8769, 140129, 252665, 255175, 252668, 257670, 227654, 270186, 252665, 13.676, 227665, 262683, 210129, 255175, 135127, 252685, 62555.3, 175107, 170104, 257683, 270177, 250172, 305190, 247670, 255178, 227654, 227663, 230166, 240150, 255177, 202623, 252682, 280182, 260179, 227655
272685, 197662, 315205, 250157, 252670, 245170, 202623, 257672, 250171, 302692, 252672, 247680, 255175, 247670, 272685, 250157, 270186, 77594.5, 252665, 252665, 227655, 280182, 310192, 250171, 247670, 202623, 252672, 257683, 315205, 227655, 260174, 135127, 80061.8, 252682, 280182, 262683, 252670, 252668, 247670, 13.676, 252672, 250171, 160145, 227654, 247671, 260174, 250184, 250184, 245170, 260179, 255181, 92566.3, 35.9146, 342712, 230143, 187657, 252674, 257679, 247670, 260180, 132584, 227654, 247672, 370218, 227665, 260180, 280187, 255182, 152640, 252675, 257673, 247671, 317706, 122580, 220172, 257685, 230156, 282689, 252671, 307694, 252674, 327704, 297689, 255181, 140089, 247673, 320205, 252675, 250171, 245170, 247672, 250169, 232645, 107616, 87601.1, 140135, 247671, 250173, 247680, 312704
252672, 302692, 252675, 227655, 35.9146, 252674, 87601.1, 252674, 250173, 307694, 255182, 247680, 252670, 107616, 245170, 252674, 245170, 247672, 252672, 247671, 250171, 245170, 252672, 245170, 252672, 247672, 245170, 252682, 252672, 260174, 247680, 272685, 250157, 250184, 227655, 272685, 272685, 245170, 245170, 197662, 160145, 245170, 247670, 245170, 247670, 252682, 247671, 280187, 257679, 140135, 277681, 250173, 5046.72, 227659, 257681, 267684, 247672, 290186, 250168, 247671, 252673, 255173, 300190, 235168, 275179, 250181, 3.04833, 277681, 227655, 252674, 245181, 285195, 252671, 240180, 227661, 245169, 255176, 245171, 227663, 245181, 245171, 255178, 250170, 252675, 250172, 250172, 250171, 247679, 227663, 250173, 230156, 245180, 187614, 227661, 250170, 245173, 265176, 252675, 250174, 250160
5046.72, 245170, 227663, 250172, 252672, 272685, 250181, 245171, 252670, 250171, 245170, 247671, 255173, 235168, 272685, 300190, 247672, 245173, 290186, 252672, 280187, 247670, 250173, 285195, 247679, 272685, 227655, 245170, 250184, 245170, 245181, 255178, 255173, 247680, 160145, 277681, 245171, 250160, 257679, 227661, 227661, 277681, 247671, 260174, 247671, 280187, 245173, 267684, 307694, 245181, 245176, 240169, 285184, 330208, 300190, 230164, 267677, 230158, 315197, 250172, 247671, 257674, 262673, 297689, 227660, 255165, 257678, 247670, 262676, 230151, 252674, 250172, 245171, 272685, 227660, 230164, 300189, 247672, 250171, 242678, 237676, 237669, 295192, 227658, 240177, 227655, 227658, 247674, 227660, 227666, 267684, 245171, 250165, 227666, 275180, 340211, 257688, 227655, 12552.5, 250180
255165, 257678, 300190, 227666, 300189, 255165, 255165, 245170, 275180, 257678, 247671, 247671, 272685, 267677, 230151, 277681, 230164, 277681, 297689, 255173, 230164, 267677, 247671, 330208, 255178, 250184, 250165, 300189, 257688, 240177, 227658, 250180, 227666, 257688, 285195, 245181, 250171, 340211, 247671, 247671, 245171, 247670, 12552.5, 230164, 247680, 255173, 227660, 227658, 267677, 277681, 240176, 240170, 232666, 227665, 230162, 295188, 322713, 250173, 167649, 227661, 377722, 247671, 70092, 295188, 227666, 247680, 277681, 250172, 282683, 285189, 242682, 162600, 247658, 250173, 307694, 230166, 227656, 237678, 227666, 227660, 237668, 252675, 230163, 242670, 245169, 257679, 257681, 417732, 262675, 240169, 255173, 270178, 230165, 275180, 305201, 240176, 365221, 347714, 250187, 275187
255165, 242682, 252675, 227661, 297689, 230164, 227666, 255173, 270178, 255165, 240176, 275187, 267677, 247680, 247671, 340211, 300189, 227665, 230162, 230164, 295188, 240177, 267677, 255173, 347714, 247671, 247671, 167649, 255173, 297689, 70092, 227658, 230164, 227666, 227658, 227658, 242670, 275180, 295188, 330208, 262675, 365221, 305201, 247671, 257678, 240170, 230165, 240169, 230164, 257681, 302692, 252672, 92607.5, 247673, 250174, 367719, 270178, 267677, 250174, 280181, 230155, 230159, 282683, 227658, 230165, 240176, 227657, 227664, 227655, 297688, 242673, 257679, 235168, 250173, 247671, 260175, 205164, 227663, 7.31559, 50051.3, 382723, 312696, 300190, 242673, 277681, 230167, 295188, 227656, 257683, 240176, 280182, 240169, 237668, 280189, 245164, 227666, 282683, 235167, 262676, 230157
230157, 240176, 257678, 240177, 252675, 255173, 365221, 242670, 230165, 267677, 242673, 230162, 227658, 280182, 230157, 255165, 305201, 282683, 242673, 240176, 227666, 7.31559, 255165, 297689, 252675, 255173, 235168, 367719, 230164, 257679, 247671, 230157, 267677, 230164, 282683, 255173, 282683, 270178, 230157, 242673, 305201, 227663, 230159, 242673, 300190, 240176, 230165, 7.31559, 247671, 227658, 242670, 262676, 92566, 242674, 267677, 227657, 310194, 272680, 227663, 260175, 302691, 285183, 295189, 230161, 267677, 227656, 230156, 230155, 242676, 297689, 325203, 227659, 272679, 255177, 227660, 237668, 297689, 237667, 240170, 295188, 242673, 315204, 240178, 227662, 245173, 245173, 255179, 255178, 230157, 265177, 242675, 240174, 255178, 302699, 247671, 240171, 265177, 245172, 255176, 297689
227657, 227657, 230157, 247671, 230157, 267677, 240170, 240177, 280182, 260175, 265177, 242675, 262676, 297689, 235168, 230157, 245173, 280182, 255176, 267677, 235168, 255165, 230162, 272679, 230164, 365221, 227657, 245173, 247671, 242676, 245172, 365221, 92566, 272680, 255165, 265177, 257679, 227658, 367719, 282683, 252675, 255178, 272679, 242673, 247671, 242673, 240171, 280182, 242676, 227658, 260175, 245176, 272679, 247671, 287685, 245172, 230166, 245170, 280181, 270179, 247671, 270178, 240175, 227664, 292687, 245175, 230155, 230157, 322710, 230165, 227663, 257662, 242674, 310194, 230154, 230153, 390226, 230156, 257675, 245174, 235168, 200121, 285184, 257680, 252673, 322701, 240172, 280182, 252678, 250171, 245175, 247674, 280182, 175106, 282683, 315209, 247672, 227656, 265177, 230156
257662, 252673, 287685, 230157, 92566, 242674, 252673, 230155, 245172, 245174, 242673, 245173, 322710, 280182, 280182, 255165, 227658, 240170, 92566, 230156, 247671, 255178, 227658, 92566, 252673, 365221, 230166, 245172, 280181, 247674, 255178, 230156, 255165, 265177, 245172, 255165, 255165, 230166, 227657, 240177, 272679, 242673, 227658, 227658, 322710, 235168, 247671, 272679, 227663, 230162, 225165, 295189, 227655, 302691, 240172, 242676, 195119, 397731, 255179, 230158, 225139, 290186, 257679, 322710, 247673, 285200, 237668, 227656, 252657, 260179, 300189, 242670, 247672, 117611, 237675, 245173, 245174, 247671, 245172, 227664, 247673, 160144, 245171, 267678, 250174, 100109, 227658, 255178, 247671, 242672, 252673, 240178, 270178, 247673, 242673, 247673, 227665, 342715, 242669, 245175
245172, 117611, 245172, 397731, 247671, 322710, 270178, 242669, 230156, 230156, 227658, 272679, 160144, 242670, 250174, 230166, 227658, 230166, 230166, 247671, 247674, 365221, 160144, 247671, 322710, 287685, 247674, 255165, 255165, 237668, 230157, 257662, 255165, 247671, 240172, 397731, 245174, 257679, 280181, 100109, 92566, 247672, 252673, 247673, 255178, 227663, 227657, 227665, 230166, 245175, 232668, 297701, 247673, 257679, 257679, 250172, 305193, 252669, 352717, 260174, 245174, 230163, 245172, 290186, 227658, 252665, 415234, 245173, 227660, 255165, 292687, 362720, 427738, 295188, 247674, 250175, 16.1852, 230165, 240177, 230161, 245173, 230164, 247672, 10050.4, 242674, 272679, 227666, 225140, 240169, 262684, 355219, 227659, 235168, 352719, 245172, 280181, 247675, 270178, 242676, 37546.2
230166, 245175, 225140, 247671, 227658, 232668, 260174, 270178, 270178, 230166, 247674, 227665, 255165, 237668, 227665, 240177, 260174, 37546.2, 257662, 245174, 287685, 240172, 245172, 235168, 100109, 352719, 245175, 245173, 245175, 352717, 292687, 415234, 227658, 245173, 92566, 37546.2, 250172, 257679, 227660, 292687, 230156, 230166, 242669, 240169, 225140, 270178, 240172, 100109, 252673, 257679, 230156, 227656, 255168, 230166, 230166, 257679, 230156, 227661, 295189, 232668, 242677, 257679, 227662, 255173, 227664, 62587.4, 252675, 235168, 247670, 297689, 247667, 302692, 230166, 232668, 272679, 240174, 297690, 242678, 252658, 150094, 225157, 342716, 262675, 242679, 255173, 250172, 257675, 245177, 247668, 245173, 280182, 420235, 140088, 282683, 277681, 227666, 242672, 260175, 255178, 272692
242669, 225140, 227666, 235168, 245174, 257675, 100109, 420235, 225157, 282683, 245173, 237668, 262675, 92566, 280182, 247670, 287685, 230166, 292687, 245173, 230166, 247668, 230156, 257679, 242669, 245172, 227656, 230166, 277681, 230166, 100109, 297689, 227658, 255173, 230166, 230166, 227661, 280182, 237668, 232668, 270178, 297690, 92566, 242679, 270178, 255168, 257675, 227658, 255173, 245175, 142589, 267678, 245170, 245168, 5037.77, 240169, 247673, 257675, 270178, 275180, 242670, 230153, 295188, 230155, 14.4021, 82562.1, 220136, 137632, 260175, 230153, 230155, 265184, 115111, 247675, 242674, 242669, 285184, 255173, 225162, 175150, 215133, 250174, 230156, 262678, 227659, 190117, 227662, 242670, 227665, 6.00555, 252670, 242670, 247675, 260175, 227656, 247674, 262675, 265177, 227654, 242679
227666, 277681, 265184, 230166, 227661, 14.4021, 247668, 242669, 245168, 245170, 287685, 255173, 257675, 255173, 230166, 285184, 257679, 230153, 142589, 115111, 262675, 247670, 237668, 215133, 257675, 240169, 245168, 230166, 100109, 237668, 225162, 227658, 175150, 267678, 240169, 225157, 262675, 282683, 92566, 242679, 265177, 247675, 280182, 215133, 215133, 230156, 245170, 247668, 230166, 242679, 295188, 242671, 287685, 242670, 255174, 227660, 280182, 245160, 255179, 242680, 292687, 227655, 282683, 200122, 287685, 100069, 257666, 227651, 287685, 260175, 245176, 227662, 265177, 250172, 235168, 227656, 230158, 255182, 255173, 302691, 227656, 202624, 282683, 307691, 227665, 260175, 240169, 262676, 165099, 292686, 280182, 240175, 147589, 247672, 245161, 227655, 242678, 242680, 230159, 245170
100109, 14.4021, 247675, 257666, 227656, 240175, 255173, 227658, 230159, 227656, 227665, 262676, 227655, 245160, 282683, 247675, 280182, 307691, 227665, 280182, 230158, 147589, 227656, 230159, 245176, 215133, 227651, 280182, 230156, 225162, 255182, 280182, 215133, 230166, 302691, 215133, 245168, 245170, 280182, 227656, 247670, 262675, 227660, 245168, 287685, 175150, 230166, 245168, 242671, 242678, 230162, 230161, 260174, 245168, 17.4044, 230155, 242667, 260175, 255177, 302691, 242670, 37.0303, 300190, 245170, 247675, 250173, 240178, 227656, 230151, 245165, 240174, 270179, 240170, 8.75621, 230162, 292686, 250172, 237668, 242668, 245167, 247672, 227665, 247672, 172605, 280183, 242670, 240176, 57550.1, 230167, 285196, 260175, 230166, 245170, 227658, 235167, 247667, 227666, 255174, 280183, 242676
260175, 227656, 292686, 302691, 147589, 230167, 247672, 245160, 240176, 245168, 292686, 240178, 225162, 257666, 227665, 230166, 242671, 292686, 250172, 255182, 227656, 230166, 245170, 227666, 215133, 227666, 245168, 230166, 242671, 240170, 245168, 280183, 247675, 247675, 37.0303, 175150, 307691, 227665, 175150, 230167, 280183, 280183, 247672, 260174, 230161, 247675, 147589, 302691, 280182, 230159, 165134, 300191, 227662, 265177, 237668, 140087, 227651, 227664, 242659, 237669, 270188, 227655, 227655, 245170, 247664, 245168, 262675, 267677, 245171, 245171, 245171, 230157, 245165, 260175, 257674, 230156, 287686, 250177, 245169, 300199, 285185, 227651, 287685, 242670, 237668, 240179, 275181, 227657, 247673, 227661, 227655, 2.20215, 230165, 227658, 242668, 287685, 242668, 287686, 242668, 240169
300191, 245171, 307691, 242671, 242668, 280183, 280183, 240178, 245165, 245168, 285185, 260174, 260175, 245171, 240169, 227666, 262675, 227662, 285185, 227655, 287685, 280183, 292686, 230159, 227655, 227658, 292686, 227655, 260174, 260174, 242670, 247675, 230166, 227651, 262675, 230156, 245170, 287686, 250172, 270188, 265177, 280183, 2.20215, 300191, 227666, 240170, 292686, 227655, 227666, 240170, 287684, 230161, 275179, 305194, 290186, 247674, 227666, 257674, 240176, 19.9839, 230156, 247671, 242667, 230167, 227655, 292688, 307694, 260175, 227663, 237669, 285184, 310194, 240170, 247659, 290186, 292687, 292687, 282684, 235168, 287686, 297689, 260175, 270178, 275181, 270178, 257673, 230158, 240150, 10.1304, 247671, 230155, 247676, 240169, 307694, 265177, 275181, 265176, 230154, 197621, 227659
287686, 307694, 265177, 275179, 19.9839, 287686, 240170, 305194, 242670, 275181, 227666, 240170, 292686, 262675, 265177, 10.1304, 247676, 275179, 292687, 227666, 292688, 305194, 310194, 237669, 292687, 287685, 297689, 292686, 227662, 245165, 260175, 230158, 270178, 240170, 275181, 275181, 280183, 240170, 240178, 227662, 240150, 292686, 260175, 280183, 245168, 250172, 242670, 250172, 307694, 247659, 305192, 280182, 282683, 305193, 272687, 250172, 282683, 267677, 260175, 245167, 235168, 285185, 247672, 285185, 242669, 305193, 235169, 185140, 275180, 230164, 227662, 302691, 270178, 230159, 290187, 302691, 312696, 277680, 275181, 260176, 300189, 227656, 300191, 230153, 227661, 267678, 277682, 242677, 300191, 240170, 240169, 230162, 240157, 275180, 285183, 300190, 320200, 285183, 252672, 290185
10.1304, 240170, 280182, 240169, 267677, 267678, 247659, 292686, 227662, 302691, 240170, 267678, 185140, 242670, 227656, 250172, 300191, 250172, 285183, 247676, 305193, 305194, 302691, 260175, 275180, 307694, 260175, 292688, 277680, 240150, 272687, 250172, 292686, 240170, 240150, 227666, 275179, 302691, 292687, 240178, 280183, 230162, 292686, 247676, 227656, 10.1304, 250172, 245165, 227662, 230159, 302691, 310195, 222638, 255174, 230165, 147626, 250176, 282683, 290185, 227663, 242670, 260174, 237668, 282682, 227659, 282683, 190115, 230156, 247675, 240175, 292687, 197655, 282683, 280189, 247676, 227663, 132582, 200158, 230160, 247671, 227658, 245172, 297688, 287685, 282683, 167603, 292686, 292687, 245175, 315196, 252673, 272679, 265176, 310195, 282683, 240175, 252672, 247675, 260175, 277681
302691, 285183, 227662, 230159, 282682, 227663, 300191, 282683, 297688, 200158, 290185, 227663, 292686, 297688, 227662, 282683, 305193, 240170, 300191, 267678, 260175, 240150, 260175, 132582, 147626, 282683, 227658, 302691, 247676, 272687, 10.1304, 250172, 280189, 255174, 240170, 287685, 285183, 260174, 310195, 282683, 275180, 247676, 292686, 292686, 185140, 227663, 282683, 240170, 197655, 252673, 322701, 270178, 305193, 9.62611, 315197, 247678, 292699, 257675, 257674, 302691, 265176, 227657, 230163, 277681, 14.9141, 215162, 280182, 257678, 252678, 227655, 260174, 280182, 230156, 230157, 230165, 285190, 227664, 320199, 297690, 292686, 227664, 252677, 262686, 277681, 260174, 227658, 305192, 257673, 247670, 227655, 305193, 247671, 240169, 292688, 300189, 302691, 155140, 242675, 227664, 237667
302691, 200158, 300191, 280189, 257674, 185140, 240170, 227662, 215162, 262686, 305192, 280189, 255174, 227655, 300191, 260174, 292686, 275180, 282683, 282683, 155140, 300191, 227657, 305193, 257674, 292686, 227658, 230165, 292686, 267678, 227663, 282683, 230157, 270178, 292699, 252673, 227658, 252673, 9.62611, 280182, 305193, 292699, 287685, 280182, 282683, 230159, 260174, 200158, 230165, 247676, 247671, 307694, 257675, 280182, 275180, 275185, 287685, 282688, 297699, 262676, 277681, 277681, 277682, 267677, 230157, 302691, 310195, 230157, 230163, 290187, 305192, 252672, 252677, 277681, 227656, 262676, 227659, 227661, 232668, 300191, 242669, 302691, 285185, 290201, 255174, 260174, 227656, 227656, 300192, 240170, 245175, 27.1175, 55051.3, 277682, 265177, 307697, 250172, 320199, 290186, 230158
55051.3, 232668, 227656, 27.1175, 282683, 250172, 262686, 260174, 267677, 230157, 240170, 307694, 302691, 305192, 227661, 300191, 227657, 230157, 247671, 302691, 9.62611, 310195, 290187, 257674, 292686, 230157, 230157, 230157, 260174, 262676, 257674, 292686, 227655, 227662, 240170, 300191, 265177, 292699, 275180, 252673, 287685, 282683, 275185, 27.1175, 290187, 215162, 230157, 247671, 227661, 280182, 315198, 282683, 292687, 300191, 230163, 302697, 290186, 332706, 285185, 305193, 307694, 247672, 302689, 227661, 275180, 312696, 235167, 277682, 285192, 260175, 300194, 155130, 315198, 295188, 292688, 245170, 257667, 227661, 295188, 242670, 227656, 250172, 300191, 315200, 255164, 250172, 247671, 267678, 330206, 235168, 230157, 252666, 287686, 287685, 287700, 232668, 262675, 305192, 260187, 255173
300191, 267678, 275180, 227661, 302689, 332706, 330206, 250172, 230157, 230157, 240170, 227662, 230157, 227656, 257674, 260174, 235168, 282683, 215162, 310195, 282683, 292686, 290187, 300191, 282683, 300191, 332706, 300191, 267677, 262686, 292686, 27.1175, 227661, 295188, 27.1175, 300191, 300191, 287686, 300191, 285192, 282683, 257674, 255164, 230157, 275180, 262676, 287685, 287700, 307694, 312696, 335208, 305192, 230147, 37542.4, 120112, 337710, 235168, 265177, 252674, 227657, 282684, 255174, 252672, 325202, 327704, 340211, 295188, 277681, 227665, 247681, 27.4231, 280181, 290187, 227664, 297690, 312697, 295187, 227651, 265177, 270179, 31.5177, 277681, 227655, 230160, 150135, 317699, 230163, 320199, 287685, 277682, 250178, 227652, 255173, 230161, 150133, 327705, 270179, 70084.8, 297702, 255184
282683, 277681, 262676, 275180, 300191, 277682, 230147, 280181, 227651, 215162, 227661, 255184, 27.1175, 277682, 275180, 230163, 282683, 280181, 277682, 230147, 31.5177, 230157, 312697, 252672, 287685, 302689, 262686, 255174, 282684, 290187, 255174, 312697, 327704, 290187, 150133, 327704, 255174, 325202, 325202, 227661, 280181, 262686, 277681, 320199, 277681, 270179, 27.1175, 255174, 307694, 27.1175, 300190, 230157, 320200, 302691, 330205, 322701, 250175, 42571.5, 285185, 297689, 237669, 285185, 282682, 255169, 317699, 307694, 230164, 290186, 330206, 282683, 290187, 260174, 245170, 262676, 230155, 332707, 275181, 325203, 237669, 260176, 297690, 277681, 235168, 207659, 252671, 317698, 227661, 230166, 280182, 312697, 227657, 230156, 285184, 270179, 317699, 230145, 260186, 297689, 230156, 285184
262676, 237669, 285184, 277682, 227661, 230147, 325202, 230147, 255169, 285185, 290187, 230157, 230157, 227661, 227657, 260174, 230145, 230156, 282684, 290187, 270179, 230145, 280181, 330205, 262676, 230157, 282683, 285185, 277681, 215162, 317699, 262676, 255169, 230147, 317699, 327704, 280181, 262686, 207659, 230164, 255169, 277682, 307694, 325202, 237669, 230145, 260176, 330205, 230157, 227661, 227657, 247672, 315197, 277682, 247671, 335208, 230151, 227652, 250172, 272680, 340211, 245170, 230159, 257675, 227657, 317699, 252673, 250168, 227663, 342712, 245172, 282683, 287685, 230152, 225155, 227662, 287685, 302692, 265177, 252679, 230161, 30040.8, 227658, 275180, 230163, 230156, 257681, 4.76451, 105069, 260186, 297690, 255179, 255173, 92599.7, 260176, 202657, 230151, 230156, 252668, 227659
255169, 230147, 227662, 247671, 230157, 230147, 230147, 230147, 237669, 260186, 227662, 255169, 237669, 227657, 227661, 230145, 340211, 282683, 277681, 227661, 277681, 317699, 237669, 230145, 260176, 247671, 277682, 227652, 260176, 315197, 290187, 227652, 315197, 290187, 260174, 4.76451, 207659, 255169, 230147, 255169, 260174, 280181, 287685, 330205, 285184, 230147, 262676, 277682, 302692, 207659, 320200, 245171, 222656, 287685, 230156, 125078, 207649, 245172, 230160, 287686, 230156, 227662, 102568, 230161, 290187, 307694, 255173, 230166, 230155, 29.5127, 267678, 265178, 280182, 272679, 302692, 227659, 280183, 230162, 225140, 255173, 110070, 287685, 235168, 227665, 230167, 267678, 257674, 287696, 295189, 260176, 247676, 252685, 190143, 227662, 227665, 252675, 350216, 277683, 235168, 250169
255169, 237669, 227652, 260174, 247671, 260174, 222656, 302692, 227661, 290187, 262676, 230162, 230147, 227652, 230156, 207659, 230145, 227665, 222656, 255169, 227652, 315197, 315197, 260176, 247671, 247671, 230147, 222656, 230157, 260174, 280182, 260174, 255169, 307694, 317699, 190143, 260186, 267678, 330205, 252675, 280181, 285184, 227652, 227652, 230167, 207649, 307694, 260174, 227652, 252675, 227664, 230147, 257675, 227655, 262676, 250172, 227655, 322701, 292687, 295188, 247674, 230153, 230166, 227655, 335208, 312696, 310202, 227650, 252668, 257681, 225140, 105105, 230163, 252678, 255175, 227655, 225152, 275181, 227657, 227656, 330206, 180109, 287685, 305192, 230156, 250178, 230153, 227662, 235157, 227652, 245174, 230160, 252672, 230153, 24.117, 157631, 262676, 312696, 227660, 295188
312696, 260174, 157631, 227652, 227652, 312696, 252668, 317699, 230147, 257681, 24.117, 245174, 252675, 230156, 262676, 230145, 247671, 245174, 307694, 260174, 262676, 230167, 307694, 295188, 207659, 330205, 252675, 230147, 262676, 227652, 227660, 227662, 227656, 250172, 230156, 247671, 227662, 222656, 255169, 262676, 310202, 225152, 222656, 335208, 315197, 24.117, 230166, 227662, 247671, 222656, 265183, 230156, 240171, 257674, 245171, 240172, 317699, 25055.8, 262675, 230156, 187613, 237668, 267678, 252670, 280182, 345214, 302692, 307695, 120116, 227662, 182611, 252678, 235157, 320200, 250176, 227653, 235168, 160139, 227655, 227650, 230157, 230156, 257674, 297689, 182610, 245171, 317700, 305201, 285198, 230155, 272679, 227659, 227658, 252673, 230149, 335208, 290187, 252676, 315197, 230166
230166, 227662, 265183, 307695, 312696, 182611, 230167, 230155, 222656, 240172, 280182, 230166, 252676, 262676, 317699, 257674, 237668, 230156, 262676, 315197, 252675, 307695, 315197, 252676, 227656, 257674, 312696, 247671, 227660, 317699, 260174, 24.117, 230166, 315197, 250172, 317699, 252668, 24.117, 227662, 262676, 227659, 307694, 317699, 317699, 297689, 230149, 335208, 252678, 307694, 245174, 327704, 230157, 285184, 230160, 227656, 227650, 320200, 315197, 162633, 342712, 230160, 262684, 255174, 130081, 230153, 240169, 230156, 230162, 292688, 250177, 310196, 320201, 12547.4, 245163, 307695, 80091.7, 252673, 302692, 310194, 255182, 45045.7, 245163, 227661, 227657, 227656, 267678, 252676, 227659, 260175, 350217, 230162, 245176, 252678, 287685, 227661, 227659, 310196, 280183, 322702, 230156
230156, 230160, 227657, 230160, 252678, 230160, 307695, 230167, 327704, 310196, 227660, 230166, 230157, 227657, 335208, 230160, 250177, 227656, 227659, 240169, 130081, 310194, 307695, 322702, 80091.7, 182611, 320200, 252673, 327704, 307694, 280182, 252676, 230160, 350217, 227656, 24.117, 24.117, 257674, 230157, 227660, 252678, 307695, 255174, 257674, 130081, 252668, 227662, 317699, 315197, 227650, 227658, 230157, 227663, 305193, 250176, 227664, 247675, 357722, 227661, 250172, 227655, 250172, 230155, 250175, 262676, 260175, 317699, 257668, 322701, 227661, 230164, 227658, 157596, 230167, 230154, 230157, 245170, 95064.1, 340212, 5041.62, 242669, 330206, 227659, 287684, 305193, 230157, 227661, 227665, 277680, 227654, 232667, 270178, 230156, 230158, 230156, 267687, 330205, 120076, 227655, 345213
340212, 227656, 270178, 230167, 270178, 307695, 305193, 232667, 227659, 230160, 227662, 182611, 227656, 327704, 230156, 250176, 24.117, 24.117, 262676, 315197, 227656, 227662, 230157, 310196, 227660, 227660, 307695, 305193, 227660, 230157, 322701, 357722, 230164, 305193, 230157, 230156, 230156, 287684, 307694, 330205, 230157, 252676, 250172, 230157, 227656, 230155, 5041.62, 310194, 230160, 335208, 295188, 160097, 317699, 230157, 230160, 305192, 227663, 245170, 365226, 27540.7, 250172, 282682, 250180, 325203, 230157, 295189, 227665, 325203, 227659, 267677, 227655, 307694, 320200, 227660, 227658, 222657, 297689, 230154, 230156, 227666, 227655, 295188, 337710, 362725, 227656, 345214, 180110, 227666, 360223, 292688, 330205, 247675, 230157, 227659, 227658, 235167, 325202, 227659, 332707, 250177
305193, 357722, 360223, 245170, 227660, 230154, 287684, 325202, 230157, 230157, 227656, 230154, 332707, 230157, 227660, 287684, 332707, 292688, 295188, 305192, 230157, 227655, 230160, 227659, 252676, 227659, 160097, 295188, 250172, 227655, 305193, 227656, 292688, 230156, 297689, 305192, 305193, 295189, 227660, 227660, 227665, 250172, 160097, 315197, 297689, 295189, 227659, 325202, 250177, 357722, 227662, 245177, 227662, 227657, 365226, 250168, 195118, 285185, 295188, 357720, 200144, 312697, 227641, 280182, 250173, 315199, 305193, 227656, 237668, 245174, 285184, 317699, 282682, 332707, 235160, 342712, 227655, 247676, 275180, 352718, 290187, 290186, 227664, 230163, 247663, 237662, 317700, 250176, 230156, 230156, 257675, 302693, 230157, 27540.2, 300191, 230156, 227660, 290186, 230155, 227660
227662, 230156, 287684, 247676, 275180, 305193, 325202, 227662, 332707, 227655, 227660, 317700, 250168, 290186, 325202, 245177, 227660, 227655, 230157, 250172, 230156, 297689, 332707, 312697, 230156, 295188, 227660, 295189, 295188, 365226, 237662, 287684, 357722, 230160, 317700, 245174, 305192, 342712, 295189, 227656, 275180, 200144, 342712, 247663, 230156, 230156, 250177, 357722, 302693, 230156, 352719, 357722, 250175, 230164, 240159, 285184, 230162, 230157, 290186, 227661, 252673, 237669, 26.9267, 237667, 320200, 230157, 337710, 227655, 345213, 230145, 360223, 227660, 287685, 230164, 335207, 227656, 290186, 357722, 322702, 320201, 310194, 355220, 222656, 247666, 230155, 280181, 342712, 252679, 227661, 230146, 187614, 305192, 290187, 230160, 237666, 230152, 227664, 155131, 247675, 325203
325203, 230145, 230145, 227655, 227662, 230155, 230146, 230160, 325202, 287685, 325202, 325202, 237669, 230155, 230160, 247676, 360223, 302693, 230145, 237662, 230162, 247675, 287685, 250168, 320200, 230164, 357722, 252673, 250172, 295188, 295188, 230162, 230162, 295189, 230157, 230164, 245174, 230156, 325203, 187614, 297689, 230160, 227662, 355220, 247663, 187614, 290187, 297689, 325202, 322702, 35063.6, 352719, 250176, 230159, 290186, 215153, 245172, 275180, 207649, 287684, 165134, 295188, 230155, 252678, 12548.2, 222655, 252678, 340211, 227658, 227652, 232659, 322702, 325202, 265176, 260175, 260175, 315198, 335208, 315198, 267678, 162635, 320201, 312696, 317698, 245175, 285184, 227656, 335208, 315197, 242670, 317699, 275180, 230162, 230159, 277681, 265177, 235168, 227655, 305193, 230156
230146, 230164, 237662, 317699, 295188, 352719, 357722, 242670, 325202, 230155, 325203, 227658, 230162, 322702, 250172, 287684, 215153, 12548.2, 230155, 227652, 290186, 227656, 215153, 325202, 12548.2, 265177, 245174, 325203, 187614, 325203, 305193, 165134, 325202, 162635, 295188, 285184, 335208, 250172, 162635, 230162, 187614, 230164, 325203, 325203, 12548.2, 325203, 227656, 250168, 315198, 230162, 335208, 325203, 342713, 345214, 230158, 30060.8, 345213, 112611, 247671, 255173, 230146, 232658, 305192, 325203, 260182, 340211, 345213, 200122, 332707, 330205, 277681, 357721, 230149, 252673, 302691, 347716, 262676, 262685, 230148, 230152, 230155, 307694, 230161, 245170, 330206, 257674, 310196, 352719, 227660, 327703, 325204, 307694, 262678, 310195, 117575, 230157, 275181, 242672, 257674, 332706
30060.8, 215153, 325203, 332706, 347716, 230148, 117575, 262676, 262678, 230155, 257674, 230157, 230164, 227656, 230155, 237662, 12548.2, 227658, 345214, 117575, 287684, 237662, 230162, 227652, 302691, 325204, 230152, 262676, 242672, 252673, 325202, 332707, 227656, 307694, 117575, 230152, 250172, 230149, 322702, 325203, 12548.2, 260182, 250172, 330206, 325204, 215153, 250172, 237662, 215153, 230161, 230159, 257675, 325204, 237668, 97602.3, 110070, 227656, 262675, 310195, 315197, 327704, 230156, 227655, 327703, 227657, 227657, 330206, 100067, 257678, 270178, 230157, 247664, 240166, 317699, 230156, 332706, 132623, 255183, 130120, 230159, 230157, 230152, 230157, 15.4311, 252679, 230158, 60079.1, 235170, 227644, 230157, 322701, 242670, 332706, 227661, 227660, 237668, 267677, 227655, 295189, 277682
110070, 250172, 227644, 117575, 295189, 230157, 325203, 215153, 227655, 227656, 235170, 345214, 310195, 227656, 230156, 230159, 262676, 345214, 257674, 230161, 227656, 325204, 230162, 117575, 132623, 250172, 227655, 110070, 237668, 15.4311, 325203, 230156, 247664, 230155, 227656, 227660, 215153, 315197, 215153, 230157, 230157, 12548.2, 267677, 270178, 15.4311, 252673, 230157, 237662, 230162, 227660, 235171, 245171, 230166, 227655, 127621, 227653, 230164, 230146, 18.4744, 70086.4, 227657, 210151, 207653, 227662, 230157, 230157, 255174, 230157, 352718, 225155, 242670, 305193, 227655, 227655, 227655, 267677, 230158, 227666, 220155, 295188, 230156, 247675, 240170, 230148, 317699, 77557, 250177, 305193, 227656, 230146, 242670, 240169, 35.9418, 230156, 230161, 255178, 230156, 127579, 237672, 230150
70086.4, 15.4311, 237672, 305193, 237672, 230164, 227660, 250177, 127621, 257674, 227655, 315197, 242670, 215153, 110070, 255178, 230157, 230155, 117575, 230162, 230161, 230158, 225155, 325203, 227653, 230146, 227657, 315197, 227656, 255174, 227656, 255178, 250177, 227655, 227655, 317699, 227666, 295188, 227655, 227655, 210151, 210151, 35.9418, 295189, 250172, 230157, 247664, 227656, 230157, 230155, 32560, 257669, 205150, 245160, 237672, 227659, 342712, 230168, 34.3256, 137585, 230160, 152593, 230156, 115073, 262676, 342713, 255173, 252666, 230151, 242670, 247660, 247675, 140127, 230157, 252677, 227665, 295188, 227655, 230155, 290186, 230158, 227657, 255180, 230150, 230153, 252673, 230157, 227665, 255178, 300191, 320201, 297688, 230153, 147590, 262670, 230157, 320201, 230156, 230158, 312696
255178, 305193, 230155, 237672, 32560, 227665, 205150, 290186, 230146, 320201, 227659, 317699, 230156, 252677, 230155, 215153, 115073, 230162, 342713, 205150, 312696, 255173, 255178, 342713, 210151, 295188, 227655, 257674, 230158, 247660, 252677, 230158, 252677, 242670, 227655, 237672, 230158, 247660, 237672, 230155, 227655, 227659, 117575, 255174, 230146, 252677, 227660, 230156, 227655, 317699, 345213, 230154, 237673, 235173, 230162, 197648, 325204, 260177, 242663, 230151, 255163, 230156, 227656, 227660, 325203, 257677, 227659, 227655, 230160, 257675, 28.6363, 227657, 322702, 230155, 342713, 235177, 240174, 257667, 260169, 230165, 315198, 237671, 3.67155, 262677, 250177, 320201, 290186, 147591, 275181, 235173, 135120, 252677, 260171, 232667, 250188, 230157, 237674, 230156, 230155, 292688
3.67155, 237671, 342713, 237672, 227659, 255163, 255173, 255163, 255163, 227660, 227657, 232667, 227655, 230158, 230146, 305193, 342713, 230156, 322702, 237671, 252677, 235173, 227655, 227659, 227660, 290186, 237672, 205150, 237674, 345213, 342713, 292688, 320201, 257667, 242670, 232667, 32560, 235173, 250177, 250177, 275181, 305193, 235173, 230158, 342713, 227659, 227659, 3.67155, 255163, 230158, 340212, 237668, 292688, 230160, 280182, 230144, 232667, 312697, 310195, 237673, 250167, 352717, 325203, 255173, 347715, 340210, 232667, 170136, 227660, 342713, 292688, 350218, 235170, 237672, 18.9851, 242659, 257678, 310196, 230152, 137621, 317699, 227664, 230157, 305192, 237671, 290186, 205126, 267678, 167637, 240169, 110109, 240171, 240170, 240172, 232667, 267676, 227664, 310224, 230156, 235172
255173, 325203, 320201, 310196, 345213, 227664, 237671, 340210, 237673, 235173, 232667, 242659, 252677, 240170, 232667, 310195, 230160, 227659, 345213, 240169, 255163, 227660, 230156, 305192, 310196, 340212, 230152, 227657, 170136, 205126, 227659, 237671, 255163, 235173, 32560, 237671, 255173, 230156, 227660, 230144, 230144, 232667, 227664, 290186, 345213, 255163, 250167, 342713, 230158, 240169, 260182, 122578, 327704, 77589, 237669, 230157, 250188, 240170, 230158, 250166, 230154, 237662, 160131, 230158, 255177, 232651, 227663, 335208, 240172, 237675, 227665, 227659, 180140, 230154, 232657, 255176, 230156, 235175, 237669, 247672, 227655, 352718, 9.57723, 265198, 240169, 232668, 305193, 327704, 242674, 310196, 232669, 275181, 227655, 327704, 315197, 227662, 327705, 230156, 20.6855, 305193
122578, 240169, 305192, 232668, 230157, 310196, 305192, 205126, 227655, 310195, 232668, 180140, 230154, 232657, 235173, 310196, 227659, 227659, 232669, 240169, 255177, 230156, 230156, 227660, 227663, 237675, 250167, 275181, 230152, 227662, 250188, 342713, 232667, 227665, 247672, 320201, 230160, 265198, 230144, 240169, 230152, 160131, 252677, 247672, 230156, 325203, 20.6855, 235173, 227659, 230156, 252672, 247676, 272680, 227659, 230160, 235168, 340212, 257675, 272680, 62551.4, 100067, 237669, 235170, 230162, 227646, 247674, 230156, 227665, 227657, 227656, 307695, 227660, 255173, 305193, 235172, 227641, 272681, 250171, 255179, 227660, 295189, 287685, 235173, 337710, 227653, 285184, 227665, 230158, 297717, 282683, 255177, 195119, 340211, 235173, 230154, 230164, 307694, 335209, 305193, 297689
235173, 297689, 282683, 252672, 235173, 230156, 255179, 227660, 297717, 232667, 235168, 227659, 297717, 252672, 247672, 325203, 310196, 255179, 250167, 195119, 230152, 272681, 310196, 230160, 230156, 230144, 232669, 255177, 255179, 255177, 305192, 232667, 337710, 235172, 340211, 230160, 250188, 227660, 227660, 240169, 297717, 227653, 20.6855, 247674, 250188, 235173, 230164, 252672, 160131, 340211, 227655, 235165, 240162, 37543, 342712, 240170, 257673, 235176, 317699, 227656, 250176, 235167, 265185, 342713, 230167, 13.9653, 227661, 257679, 227655, 245171, 230162, 230153, 230166, 230150, 250172, 322701, 227664, 245177, 290212, 245185, 325204, 95064.8, 275180, 227666, 242684, 227665, 235168, 325203, 257680, 150128, 230144, 317699, 232668, 262697, 85093, 230160, 237674, 265176, 327705, 352718
95064.8, 230152, 340211, 255177, 247674, 230144, 262697, 275180, 322701, 297689, 250176, 235173, 255177, 310196, 235173, 245171, 230160, 297717, 230166, 227653, 250188, 252672, 282683, 255177, 297689, 230153, 272681, 150128, 237674, 227655, 275180, 150128, 250176, 247674, 262697, 235173, 227660, 265185, 297717, 230144, 250172, 227660, 150128, 297689, 342713, 227660, 230160, 195119, 325204, 245171, 245171, 227666, 252678, 282682, 250178, 237669, 252672, 250163, 237669, 240169, 230157, 255174, 240170, 230156, 250176, 235171, 317699, 335209, 230167, 257681, 285211, 227655, 260180, 315198, 230154, 250163, 227658, 250189, 302691, 307695, 247669, 250176, 247675, 205150, 255178, 255180, 262676, 305193, 262697, 230156, 242684, 347715, 335208, 227655, 325203, 230149, 255179, 225153, 262675, 24.6708
237674, 305193, 237669, 227653, 227655, 262675, 272681, 227660, 227660, 297689, 230157, 227655, 227666, 255180, 255177, 322701, 250176, 230144, 150128, 250188, 250176, 247674, 150128, 255179, 150128, 262676, 262697, 317699, 302691, 297689, 235173, 205150, 235171, 305193, 257681, 245171, 227655, 250163, 247674, 250189, 240170, 282683, 247675, 275180, 335208, 250178, 322701, 250178, 150128, 252672, 240163, 255192, 230158, 260175, 257679, 202649, 287694, 240171, 227651, 272703, 260175, 250177, 322701, 245164, 227641, 227658, 280182, 300191, 247678, 265177, 312697, 255172, 287686, 272704, 235167, 327703, 255166, 255174, 267678, 325204, 255179, 227659, 250189, 227663, 240181, 300191, 227653, 292687, 275205, 250176, 320200, 265199, 322702, 112608, 85093.7, 245170, 330206, 230158, 247671, 242678
250176, 335208, 230144, 227655, 275180, 257681, 265199, 230144, 237674, 267678, 205150, 245171, 255192, 227666, 272703, 317699, 250188, 240170, 322701, 255192, 255179, 260175, 255177, 322701, 235171, 230157, 240163, 260175, 202649, 242678, 302691, 322701, 252672, 245171, 227663, 250176, 255166, 227653, 325204, 297689, 242678, 205150, 230144, 202649, 322701, 250189, 255179, 247675, 297689, 255174, 325204, 180141, 240165, 245177, 262684, 307695, 312697, 310196, 230159, 295188, 277681, 285211, 267680, 235175, 235167, 255172, 227643, 255173, 250175, 250164, 262676, 257674, 267700, 227653, 260175, 272703, 227655, 285184, 305193, 327704, 237677, 275181, 237679, 255178, 260175, 295188, 177607, 237676, 252677, 280183, 237676, 300190, 235175, 235173, 227664, 257680, 315199, 237670, 257674, 245178
310196, 250176, 325204, 245171, 242678, 235175, 265199, 250164, 245171, 242678, 250176, 255179, 237674, 260175, 257674, 257674, 237674, 250176, 180141, 255173, 325204, 245178, 227663, 297689, 230144, 280183, 295188, 245171, 250164, 237674, 245171, 237676, 235171, 302691, 242678, 250175, 272703, 257680, 245177, 255179, 252677, 295188, 237670, 255192, 275180, 230159, 245171, 237679, 227664, 260175, 280183, 230146, 255179, 255164, 237670, 320201, 235176, 172640, 260195, 337710, 242680, 245167, 245180, 300219, 235177, 112572, 237677, 235176, 255181, 255173, 265185, 257667, 242678, 245179, 12546.8, 262684, 230157, 252676, 255179, 340212, 297689, 240172, 280207, 262675, 32560.8, 245174, 262697, 255170, 275205, 265199, 250171, 262681, 252672, 217653, 250176, 277682, 242670, 227661, 242677, 250180
255179, 280207, 250176, 245171, 237677, 245167, 250176, 310196, 227661, 245180, 245171, 32560.8, 262675, 250176, 255164, 257674, 237670, 255181, 325204, 260175, 257674, 325204, 252672, 235177, 245177, 242678, 262675, 252672, 257674, 245179, 237674, 255179, 257680, 260195, 260175, 337710, 242677, 260175, 242678, 237676, 255192, 252672, 250175, 230159, 12546.8, 245171, 227663, 250180, 227664, 277682, 225159, 227656, 300191, 260183, 237668, 250174, 132581, 250176, 252675, 247677, 245184, 250180, 180139, 237669, 257674, 250176, 225154, 317699, 250176, 242670, 227659, 270202, 310197, 342713, 240180, 230156, 255165, 227664, 245178, 230156, 335209, 230154, 305193, 247676, 252663, 242673, 242670, 272703, 240170, 227656, 292687, 255192, 227660, 157631, 230156, 235168, 250176, 235167, 252677, 262679
242678, 240170, 252675, 227664, 230156, 255165, 242670, 235167, 270202, 230156, 250176, 225159, 237670, 325204, 227659, 237668, 245171, 335209, 245171, 240170, 230159, 280207, 325204, 325204, 12546.8, 260175, 257674, 247676, 235177, 227661, 337710, 157631, 250176, 225154, 337710, 230156, 270202, 245184, 227663, 247676, 235168, 337710, 32560.8, 250175, 230156, 247676, 250176, 310196, 237668, 257674, 245176, 227658, 265180, 227666, 230167, 227650, 325203, 230161, 27.1094, 247675, 342712, 232668, 245182, 237665, 245177, 262683, 242667, 227654, 347716, 315198, 242675, 227656, 345214, 250174, 290213, 245171, 260196, 312697, 262675, 230151, 227663, 307694, 332708, 275204, 2534.11, 280183, 227648, 245170, 237671, 230157, 250177, 240172, 167601, 235176, 230159, 322702, 250178, 227657, 267677, 227658
12546.8, 237670, 240172, 257674, 332708, 227650, 250176, 242667, 265180, 27.1094, 325204, 265180, 250178, 230156, 342712, 237665, 247676, 245177, 227658, 322702, 240170, 280183, 227658, 242667, 242675, 325204, 237665, 230157, 345214, 12546.8, 247676, 315198, 227659, 237668, 260196, 227664, 310196, 337710, 167601, 240170, 270202, 342712, 227658, 250176, 227658, 270202, 260175, 247676, 237665, 230161, 345214, 227655, 342713, 337711, 32.9973, 247677, 330205, 157631, 227654, 13.7268, 245180, 245184, 230155, 342713, 230153, 340211, 232672, 310197, 325203, 245174, 247671, 272679, 247675, 335208, 227655, 355220, 230160, 265185, 227656, 332708, 257674, 230156, 327705, 235178, 117574, 335209, 227662, 230156, 230156, 242672, 242683, 352718, 247662, 330206, 257678, 230157, 145126, 250165, 250175, 242676
242672, 230156, 245174, 157631, 237665, 242683, 345214, 27.1094, 245184, 245180, 247676, 245174, 322702, 322702, 227656, 13.7268, 330206, 245180, 230156, 327705, 227659, 145126, 230157, 13.7268, 227658, 337711, 245180, 247662, 280183, 247662, 247676, 227658, 257674, 242675, 12546.8, 325204, 315198, 310197, 230153, 235178, 242676, 345214, 342713, 250176, 235178, 310196, 227658, 27.1094, 335209, 310197, 325204, 230158, 235175, 332706, 230144, 227663, 312697, 320200, 235178, 230157, 322703, 322702, 230157, 250163, 250170, 250177, 245181, 250172, 32.369, 347716, 247684, 332706, 320201, 6.35602, 242678, 240180, 250178, 325203, 227652, 242672, 307695, 245177, 312697, 242678, 332707, 327705, 345215, 255171, 242672, 235174, 242675, 92564.6, 245172, 230157, 310197, 230158, 357721, 247677, 262675, 302693
242675, 247676, 227658, 312697, 315198, 230156, 247684, 230157, 307695, 242672, 247662, 230156, 322702, 227659, 310196, 247684, 322702, 245181, 242675, 230156, 242676, 242678, 13.7268, 240180, 247684, 335209, 255171, 12546.8, 310197, 242675, 332706, 245177, 227663, 240180, 230157, 13.7268, 250170, 337711, 230153, 247676, 27.1094, 242683, 310196, 227658, 262675, 345214, 12546.8, 27.1094, 247684, 230153, 320202, 272679, 200123, 227664, 255168, 242671, 245179, 250177, 345214, 247677, 227659, 227655, 250189, 242673, 227656, 240171, 230154, 245180, 242672, 227655, 307694, 242658, 327705, 77589.7, 305193, 230151, 310196, 230162, 247680, 295189, 247681, 227663, 265198, 235168, 245176, 287686, 245177, 242682, 305192, 245176, 265199, 300192, 242673, 92564.3, 245177, 325202, 21.5294, 315199, 245185, 257693
245181, 320202, 13.7268, 335209, 245185, 255171, 262675, 230156, 230156, 272679, 255171, 230156, 247684, 242678, 262675, 337711, 242675, 307695, 230153, 250189, 230153, 227663, 227656, 230156, 305193, 257693, 315198, 262675, 242672, 320202, 245177, 247680, 310197, 242673, 335209, 255168, 12546.8, 242658, 247676, 245176, 315199, 240171, 227658, 322702, 247680, 250170, 247677, 242675, 227664, 230156, 205148, 242670, 312698, 245176, 250176, 242669, 330206, 227655, 250168, 250173, 250177, 282683, 230161, 247681, 247683, 262697, 242683, 240175, 242677, 242682, 247680, 315198, 335209, 230157, 275180, 242672, 230160, 260196, 255178, 240178, 230157, 242673, 317699, 245170, 247686, 270179, 242675, 227655, 312697, 52547.2, 242679, 335209, 330205, 107570, 230159, 230157, 252691, 337710, 310196, 170103
242677, 230156, 240175, 242683, 230156, 335209, 250176, 307695, 252691, 230156, 245176, 230157, 242673, 242675, 307695, 337711, 242670, 275180, 230160, 315198, 227655, 227663, 262697, 322702, 230157, 307695, 245185, 230156, 227664, 247677, 247680, 322702, 230153, 305193, 230160, 107570, 230156, 247676, 312697, 227664, 250177, 230161, 245170, 227656, 242675, 282683, 227655, 335209, 250176, 242672, 250176, 252669, 237675, 247684, 270178, 302693, 247675, 347716, 252692, 230142, 260174, 312697, 307694, 145088, 242682, 312697, 230152, 272705, 327704, 257695, 285186, 240169, 232651, 10.2063, 252666, 212630, 280182, 252679, 230157, 277681, 247676, 227665, 245176, 330206, 242675, 245179, 245180, 295189, 227647, 230154, 265176, 230153, 285186, 227663, 245169, 267678, 247676, 275180, 262697, 40065.3
282683, 227665, 305193, 245169, 247675, 242677, 275180, 242683, 260174, 307695, 285186, 240169, 230156, 312697, 230156, 285186, 262697, 322702, 267678, 312697, 230157, 245176, 227664, 262697, 252669, 230157, 322702, 242682, 240175, 230157, 247676, 240175, 282683, 307695, 145088, 227656, 230161, 242673, 145088, 245176, 327704, 245176, 302693, 242683, 307695, 242675, 10.2063, 285186, 237675, 230157, 325202, 237670, 247674, 247676, 240173, 260180, 265183, 327704, 230157, 277681, 245186, 225163, 262697, 227653, 302693, 237680, 290188, 285185, 230150, 292686, 320201, 317699, 320200, 242681, 157631, 262677, 230155, 227658, 292688, 325203, 307695, 227651, 327705, 267700, 230157, 245175, 310196, 227656, 295188, 242672, 315197, 230156, 275205, 245175, 282711, 240182, 240182, 240170, 307694, 245174
262677, 240175, 247676, 317699, 285186, 227664, 240173, 10.2063, 230157, 230157, 237675, 247676, 230157, 252669, 242683, 312697, 275205, 227656, 227656, 227656, 310196, 302693, 242675, 327704, 227665, 145088, 315197, 277681, 307695, 157631, 227656, 262697, 240182, 230155, 242681, 290188, 230157, 247674, 240182, 230157, 247676, 325202, 242683, 285186, 307695, 227664, 227658, 285186, 245186, 307695, 230156, 192617, 282684, 97565.3, 262675, 242681, 322702, 300191, 287685, 227641, 257681, 312698, 270181, 315198, 230156, 285184, 315199, 240179, 245186, 270181, 245178, 247674, 240174, 292688, 265179, 245185, 240170, 230156, 230162, 275205, 300192, 322701, 227657, 260176, 242672, 247673, 4.47724, 197646, 237672, 2.42493, 247676, 227661, 240179, 242683, 227665, 237669, 227663, 240178, 252690, 240182
237675, 240175, 307695, 227658, 290188, 145088, 322701, 265179, 285184, 240182, 307695, 307695, 265179, 240173, 260176, 192617, 245186, 245185, 285186, 275205, 242683, 247676, 240182, 300192, 300192, 287685, 317699, 262697, 145088, 265179, 230155, 242675, 237669, 230155, 227657, 240182, 237672, 242683, 240175, 97565.3, 230156, 247676, 227657, 327704, 317699, 157631, 227656, 145088, 270181, 242681, 255177, 317700, 242672, 242675, 297688, 227659, 165100, 242679, 265199, 245175, 297690, 335208, 307694, 57577.5, 230166, 305193, 312697, 300190, 315198, 310224, 302693, 230156, 242674, 295217, 245184, 275182, 240174, 240179, 245173, 230160, 320200, 25057.2, 325203, 235177, 242672, 227654, 230157, 255193, 230158, 272682, 280184, 280209, 247688, 245178, 230161, 227656, 282683, 87595.4, 10035.5, 242678
87595.4, 335208, 295217, 237672, 285184, 305193, 240182, 240173, 265179, 282683, 322701, 280209, 312697, 300192, 242681, 295217, 307695, 262697, 240175, 297690, 245184, 275182, 302693, 227654, 247688, 300192, 275182, 242672, 245184, 325203, 235177, 240182, 145088, 240173, 230166, 242672, 227658, 287685, 242672, 265179, 317699, 145088, 157631, 240173, 280184, 145088, 227659, 307695, 230156, 230158, 287685, 242683, 255174, 235177, 267678, 87595.7, 237668, 267679, 312726, 257693, 310195, 245178, 19.7754, 215151, 287685, 47546, 252675, 302692, 230163, 297690, 265179, 300219, 290187, 240174, 325203, 255176, 255177, 242670, 282684, 247674, 67583.6, 230142, 297690, 242684, 250175, 24.4508, 240160, 257674, 310195, 335209, 237671, 235158, 290187, 247686, 312698, 250177, 292715, 242682, 227665, 227661
240174, 287685, 242682, 287685, 87595.7, 227661, 227665, 310195, 257674, 287685, 227665, 267679, 297690, 240182, 267679, 300192, 287685, 242672, 230166, 240160, 245184, 230166, 322701, 242672, 262697, 275182, 245184, 230166, 230158, 302693, 287685, 267678, 227658, 300219, 295217, 312726, 145088, 302693, 242682, 297690, 245184, 235177, 300192, 267679, 145088, 257674, 242672, 300219, 255176, 227659, 300191, 295217, 252673, 227644, 242676, 290187, 272679, 242674, 312698, 275205, 285185, 230152, 287687, 230162, 272681, 305192, 230163, 282685, 250188, 230163, 290186, 242669, 230157, 242672, 282684, 227665, 295217, 245174, 307694, 265198, 280183, 262676, 235171, 242677, 237677, 290188, 227665, 305192, 227664, 302693, 230157, 267678, 287712, 247687, 20.8472, 310196, 242684, 230157, 260194, 230165
282685, 272679, 260194, 242684, 242672, 145088, 267679, 290187, 280183, 242682, 295217, 230162, 227665, 310196, 145088, 227664, 280183, 275205, 267679, 242672, 307694, 282685, 272679, 245184, 235171, 227658, 267679, 87595.7, 227661, 267679, 255176, 227659, 227665, 297690, 282685, 280183, 145088, 242682, 230166, 227664, 242672, 267679, 240160, 245174, 242669, 290186, 87595.7, 87595.7, 265198, 282684, 262676, 287687, 285186, 230159, 280184, 280184, 272703, 227658, 300192, 300190, 282685, 230151, 227664, 242672, 295189, 235165, 270179, 252664, 282685, 305193, 230156, 240172, 300190, 280209, 230156, 307694, 245173, 312697, 275182, 280208, 230157, 285187, 227656, 230155, 230157, 237672, 265177, 277684, 217651, 230156, 242670, 227661, 230157, 310196, 250175, 240172, 340210, 230162, 280182, 242664
230151, 290187, 282685, 267679, 227664, 280183, 242672, 282685, 227658, 297690, 275205, 275205, 145088, 230156, 282685, 230157, 230157, 230166, 260194, 307694, 227661, 282685, 230156, 282685, 240160, 230151, 227665, 230156, 230156, 310196, 252664, 307694, 227664, 245184, 282685, 295217, 230157, 282685, 297690, 285187, 280184, 280183, 230156, 280182, 230159, 280183, 267679, 230155, 300192, 265198, 227662, 317699, 230157, 227662, 277681, 230159, 310195, 315197, 297689, 150092, 227654, 230166, 227658, 230153, 230156, 332706, 272681, 230149, 290187, 285211, 147590, 275205, 277683, 247669, 252690, 230162, 240171, 282686, 235171, 240171, 230157, 100067, 277683, 227665, 252686, 19.3039, 252673, 262676, 287686, 227657, 290187, 282685, 312697, 210129, 230157, 300192, 250172, 292689, 230156, 240171
230156, 227662, 230157, 282685, 210129, 300192, 227665, 280183, 230156, 240160, 230159, 250172, 240160, 287686, 292689, 252673, 282685, 300192, 282685, 227658, 310196, 310196, 290187, 280183, 260194, 240160, 227654, 277683, 307694, 227662, 285187, 230155, 240171, 277681, 280183, 307694, 147590, 230159, 230162, 230155, 252664, 282685, 300192, 240171, 275205, 252686, 230166, 282686, 227665, 250172, 290187, 227663, 242665, 297691, 230156, 115111, 282685, 285184, 290188, 312697, 75056.3, 240172, 235177, 252686, 292689, 272681, 230167, 105106, 297691, 237657, 317700, 257695, 242671, 230157, 230159, 230161, 260177, 227662, 280184, 35.83, 312696, 282684, 172637, 265177, 300190, 315199, 230162, 307695, 290187, 230160, 305193, 227660, 200148, 297691, 227666, 25040.6, 247671, 282683, 227663, 305194
260194, 312696, 230156, 235177, 242665, 282685, 282685, 287686, 105106, 227665, 290187, 227662, 230156, 282686, 230156, 300190, 305194, 227660, 290188, 312696, 230155, 312697, 230155, 105106, 237657, 290188, 290188, 300190, 230156, 282685, 227662, 230160, 230156, 240171, 315199, 307694, 240172, 282685, 240160, 290188, 25040.6, 242665, 282685, 240160, 310196, 240160, 240160, 172637, 282686, 227663, 317700, 315198, 290187, 282684, 315197, 277681, 227655, 305194, 277683, 230155, 310196, 295189, 277683, 227666, 227660, 302693, 297691, 230155, 285186, 245160, 247674, 227656, 242673, 240173, 242670, 230156, 250175, 230159, 292689, 255172, 245173, 257680, 292688, 237670, 305193, 292689, 230150, 277683, 300192, 137584, 23.482, 227653, 230157, 282684, 335208, 200146, 6.34906, 230157, 285185, 240169
230155, 227656, 230156, 230156, 245160, 282686, 277681, 200146, 282686, 230156, 282685, 247674, 245173, 300190, 240173, 172637, 305193, 257680, 292688, 250175, 307694, 282686, 290188, 247674, 257680, 240160, 247674, 292688, 285186, 105106, 227655, 277683, 240160, 230160, 235177, 255172, 227663, 257680, 282684, 315198, 300190, 237657, 230156, 282684, 285186, 227660, 317700, 245160, 242673, 250175, 272680, 270181, 230158, 140124, 187644, 230156, 255179, 227656, 227662, 90097.9, 237675, 282684, 330204, 210128, 277683, 287686, 310196, 257675, 230157, 227661, 290187, 242672, 252673, 207651, 250177, 290187, 230157, 237676, 140087, 287687, 237678, 280182, 295190, 242671, 295189, 242672, 275180, 260177, 230154, 292688, 242662, 285186, 227647, 295189, 232665, 225157, 252674, 297690, 280184, 230154
227660, 250177, 277683, 240160, 90097.9, 282684, 255179, 275180, 140124, 230157, 260177, 297690, 305193, 280184, 307694, 300190, 307694, 282684, 227656, 290187, 292688, 240160, 295190, 300190, 242662, 237678, 280182, 237678, 297690, 292688, 240173, 260177, 230155, 237657, 255172, 287686, 235177, 287687, 230157, 255179, 287687, 227647, 257680, 282684, 230156, 242672, 295189, 237675, 207651, 292688, 260184, 257681, 255177, 280184, 277683, 250166, 287685, 262698, 262676, 292687, 307695, 205124, 230158, 227666, 247671, 262676, 277707, 310196, 260177, 310195, 240183, 307694, 230156, 322702, 250178, 280184, 260181, 230160, 270180, 232660, 245163, 317698, 295187, 267673, 265180, 257676, 122615, 280185, 230157, 297689, 330206, 185144, 247664, 100102, 257672, 247688, 230150, 230157, 242660, 285184
255179, 230157, 245163, 330206, 230150, 297690, 257680, 295189, 287687, 297689, 262698, 207651, 267673, 282684, 297690, 287685, 205124, 250177, 250178, 292687, 205124, 122615, 205124, 270180, 237657, 295189, 275180, 230155, 262676, 242660, 307694, 242660, 307695, 322702, 257672, 140124, 237678, 297690, 260177, 230156, 140124, 255179, 230157, 230157, 232660, 255172, 307694, 287686, 280185, 305193, 262679, 252679, 230157, 260177, 230153, 260181, 340212, 317698, 322702, 280183, 230155, 240164, 275180, 242668, 230169, 327704, 325203, 277683, 34.1693, 255174, 230159, 335208, 310195, 305193, 242683, 245171, 55050.1, 320201, 227660, 230153, 300192, 260177, 230158, 260177, 300191, 30041.7, 312698, 125117, 35.1674, 325202, 230157, 232651, 230156, 227657, 340211, 317699, 312697, 287685, 300190, 230168
275180, 242668, 287687, 237657, 207651, 55050.1, 230156, 230155, 260181, 287686, 260181, 252679, 325203, 230157, 312697, 300192, 237657, 255172, 140124, 325203, 230159, 282684, 205124, 230155, 297690, 230153, 282684, 255172, 320201, 322702, 325202, 255179, 312698, 230155, 242668, 325202, 230156, 242683, 260177, 242683, 230150, 245171, 242668, 260177, 250177, 262679, 205124, 340211, 230169, 307695, 235160, 322703, 237659, 297690, 230153, 245182, 235161, 80058.3, 230155, 345214, 260185, 292689, 340212, 282684, 175105, 267680, 252675, 230152, 257677, 255178, 247674, 260176, 315198, 347715, 255180, 220153, 255173, 260176, 140086, 255174, 230156, 255171, 195118, 262698, 272681, 7.65517, 245173, 157596, 290187, 325203, 247676, 260178, 167637, 252678, 272705, 327704, 325203, 192618, 252690, 82560.2
262679, 327704, 255174, 157596, 255173, 325202, 242668, 245171, 290187, 260177, 230155, 230153, 252679, 275180, 325202, 140086, 230155, 327704, 260177, 325203, 247674, 325202, 272681, 230159, 255172, 235160, 340212, 230150, 235160, 345214, 230159, 325203, 167637, 300192, 255174, 297690, 230153, 255171, 250177, 292689, 247674, 282684, 230159, 340212, 252679, 245182, 230155, 325202, 327704, 260177, 257672, 350217, 250177, 260182, 3.54918, 232669, 315198, 260167, 230156, 300192, 272681, 227661, 342713, 277682, 320200, 267675, 227664, 210152, 230156, 255165, 287687, 270180, 252678, 227659, 247682, 227657, 337709, 232656, 325202, 262669, 290188, 320201, 38.3796, 345213, 190146, 330206, 227661, 265171, 292689, 327704, 175107, 262678, 315198, 227656, 337709, 255180, 317699, 337709, 232663, 307695
350217, 250177, 290188, 140086, 297690, 230155, 290187, 327704, 325202, 230155, 227657, 337709, 250177, 260182, 260177, 307695, 230150, 230150, 140086, 230156, 247674, 190146, 270180, 265171, 230155, 337709, 157596, 292689, 267675, 230156, 255165, 255173, 260177, 272681, 325202, 340212, 320200, 325202, 230155, 327704, 255172, 327704, 255165, 227659, 255173, 255165, 282684, 227659, 260167, 262669, 325203, 272681, 292687, 325203, 95100.6, 200123, 352718, 145089, 230158, 267685, 230156, 290187, 160134, 145089, 305194, 342712, 347714, 15.1528, 250174, 230169, 7543.39, 325202, 357722, 262678, 230149, 230156, 202650, 260172, 262678, 272681, 317699, 230157, 245174, 245173, 287685, 262668, 232655, 55050, 195146, 77591.9, 260170, 28.8378, 247671, 230157, 320200, 245172, 230156, 267681, 230160, 337709
325203, 247674, 227659, 327704, 250177, 245172, 262678, 267681, 267675, 232655, 195146, 190146, 55050, 245172, 255173, 230156, 272681, 7543.39, 290187, 230158, 260170, 230156, 255165, 230155, 337709, 290188, 262668, 292689, 160134, 297690, 260177, 230155, 230156, 255173, 157596, 230157, 347714, 262678, 227657, 320200, 140086, 320200, 272681, 230157, 202650, 230150, 145089, 28.8378, 202650, 230155, 260184, 330205, 295189, 272682, 230157, 137585, 217635, 272681, 292689, 252679, 107609, 227657, 230155, 260174, 230156, 212652, 22.5041, 232658, 332707, 347716, 122578, 232658, 230155, 262679, 255174, 2534.87, 265175, 325202, 270184, 132583, 287686, 232667, 265184, 4.91441, 230153, 302691, 345215, 257683, 337709, 230156, 165100, 115112, 245163, 230157, 255180, 307694, 230166, 320199, 302692, 275182
337709, 2534.87, 255173, 230156, 265184, 347716, 227659, 267681, 107609, 255173, 337709, 320199, 212652, 255174, 262678, 250177, 230166, 260174, 28.8378, 227657, 230157, 260174, 245172, 272681, 255165, 302691, 7543.39, 255173, 230155, 307694, 232658, 245172, 4.91441, 265184, 115112, 307694, 292689, 132583, 247674, 232658, 265184, 260170, 327704, 132583, 227659, 255173, 320199, 140086, 265184, 255173, 277682, 312697, 260182, 130122, 40065.7, 252676, 267672, 292686, 262677, 330206, 252669, 322701, 257681, 127619, 250165, 240168, 260183, 175139, 290186, 285185, 265187, 250169, 220157, 250170, 245177, 255180, 245175, 337709, 257682, 292687, 267678, 255179, 50048.6, 335208, 267672, 252679, 197621, 342712, 340212, 21.1908, 270185, 195149, 230159, 227662, 322701, 245175, 260175, 270183, 227666, 260185
270185, 255165, 255173, 257681, 260182, 255173, 230157, 232658, 262677, 307694, 260170, 2534.87, 115112, 252676, 260174, 227659, 232658, 115112, 255174, 265184, 260174, 260175, 21.1908, 337709, 175139, 227662, 320199, 330206, 255179, 292686, 227662, 220157, 250177, 127619, 257682, 347716, 227659, 255173, 265184, 337709, 267681, 302691, 230157, 320199, 255165, 250169, 4.91441, 255173, 40065.7, 255173, 345214, 14.6185, 340212, 230158, 317699, 265183, 267672, 230157, 265184, 232658, 250178, 300190, 232659, 235162, 310195, 310195, 19.4322, 260179, 322702, 102605, 250177, 247673, 130121, 255171, 330206, 247676, 252678, 262685, 232650, 322701, 330205, 257679, 185145, 260181, 15.7653, 260183, 227663, 227656, 182610, 262673, 252666, 95065.3, 257682, 232656, 20.1572, 232649, 230159, 277681, 255178, 227663
337709, 307694, 257681, 260183, 340212, 262673, 310195, 267681, 230157, 300190, 260174, 232658, 40065.7, 250177, 227656, 255173, 337709, 175139, 19.4322, 227663, 230159, 255173, 270185, 130121, 260174, 40065.7, 255178, 262673, 255165, 255173, 185145, 19.4322, 310195, 322702, 260182, 317699, 262677, 260174, 277681, 322702, 130121, 260182, 15.7653, 260175, 230157, 330206, 21.1908, 310195, 347716, 21.1908, 4.46866, 257666, 232657, 252664, 315199, 317699, 272680, 140086, 260169, 265186, 230161, 232648, 282684, 257681, 272677, 230155, 255174, 227664, 322701, 92598.9, 230160, 230156, 245164, 255179, 272686, 260183, 177640, 230159, 262685, 182612, 247671, 23.2131, 230159, 327703, 280182, 252673, 255181, 232668, 325203, 345214, 33.064, 262674, 260184, 297689, 340212, 257682, 230166, 287686, 270172, 292688
257666, 230159, 315199, 182612, 337709, 257666, 325203, 310195, 140086, 40065.7, 247671, 255173, 250177, 255173, 297689, 310195, 277681, 232657, 255178, 230160, 317699, 317699, 232648, 21.1908, 255178, 19.4322, 272677, 270185, 347716, 260184, 317699, 33.064, 277681, 227663, 40065.7, 260169, 282684, 230159, 272686, 21.1908, 260184, 265186, 255173, 252673, 255173, 272677, 250177, 92598.9, 300190, 322702, 267678, 260178, 290185, 335208, 72557.1, 335209, 120115, 70086.7, 272691, 247671, 245175, 232661, 312696, 277681, 227665, 315198, 245174, 150093, 232645, 252679, 275182, 232659, 230167, 232659, 340210, 242675, 330206, 275181, 232658, 287685, 327705, 277682, 275189, 357722, 257675, 255180, 322701, 300190, 230156, 277681, 300191, 342713, 252681, 295188, 240170, 255166, 337710, 332707, 247662, 272680
230159, 265186, 310195, 315199, 182612, 150093, 245174, 232657, 342713, 332707, 267678, 340210, 232658, 257666, 322702, 40065.7, 252673, 325203, 277681, 340210, 92598.9, 245174, 337710, 300191, 272677, 232659, 120115, 227663, 230160, 245175, 315198, 21.1908, 242675, 312696, 255173, 255173, 277682, 72557.1, 255173, 227665, 282684, 230167, 230156, 317699, 300190, 347716, 300191, 340210, 257675, 120115, 202647, 245171, 242684, 140126, 312696, 260175, 272679, 325202, 330205, 245174, 302691, 355219, 252668, 240176, 352720, 245172, 295188, 257682, 360223, 265177, 260175, 230158, 280175, 340210, 350217, 42546.7, 37.7844, 287685, 317699, 232658, 305193, 302691, 297689, 250172, 230161, 292687, 227656, 290186, 342711, 307694, 290187, 227657, 230147, 250172, 230159, 352718, 242675, 270179, 177642, 57578.5
227657, 260175, 300191, 120115, 287685, 340210, 227657, 290186, 255173, 245174, 325203, 242675, 257682, 240176, 325203, 92598.9, 302691, 317699, 230161, 342711, 232658, 37.7844, 227665, 37.7844, 245171, 347716, 255173, 332707, 150093, 230156, 340210, 255173, 290187, 332707, 245171, 282684, 240176, 230158, 242675, 232658, 250172, 150093, 245174, 340210, 227656, 72557.1, 297689, 252668, 242684, 202647, 135122, 240170, 330205, 230159, 270179, 230157, 240167, 242684, 110110, 337708, 177609, 237668, 317698, 322702, 307694, 240178, 97567.5, 290186, 227667, 237676, 245165, 247672, 250189, 107570, 142627, 305193, 217634, 295188, 23.9797, 240169, 230160, 312696, 240179, 257682, 347715, 225139, 295188, 287685, 132622, 322702, 245162, 272679, 255174, 227659, 327704, 330205, 72588.1, 240177, 245173, 235168
287685, 332707, 305193, 322702, 307694, 290186, 230160, 37.7844, 327704, 287685, 245165, 245165, 250189, 330205, 227667, 347716, 307694, 225139, 330205, 23.9797, 227657, 132622, 300191, 327704, 240169, 322702, 97567.5, 240176, 317699, 240176, 217634, 110110, 227665, 270179, 150093, 347716, 302691, 312696, 322702, 230158, 227665, 347715, 340210, 225139, 317699, 237668, 250172, 225139, 97567.5, 255173, 257674, 227666, 227664, 352718, 320201, 335208, 327703, 230143, 350217, 227659, 240178, 300191, 270203, 245170, 297690, 257674, 340211, 267688, 290185, 227660, 307694, 230158, 280182, 190146, 27.4171, 327705, 290187, 27.7225, 92563.2, 325203, 217634, 282683, 270178, 287685, 297689, 320200, 230166, 230156, 340212, 232668, 330206, 275180, 277681, 282686, 280182, 207627, 31.8556, 235161, 317700, 357721
227657, 245170, 350217, 227665, 325203, 227667, 347716, 347716, 302691, 312696, 317699, 110110, 227664, 250172, 332707, 230166, 322702, 257674, 270178, 330206, 322702, 250189, 227665, 235161, 302691, 280182, 217634, 325203, 31.8556, 287685, 227665, 347715, 227665, 240176, 267688, 245165, 317699, 227667, 300191, 240176, 287685, 232668, 290186, 225139, 317700, 305193, 327704, 287685, 322702, 37.7844, 275181, 340212, 272679, 307693, 230166, 265177, 297690, 332707, 327704, 230165, 342713, 267700, 345215, 267677, 227663, 325202, 270178, 255174, 350218, 275180, 330205, 350218, 230160, 197646, 227665, 240175, 235159, 240173, 235163, 282683, 50047.1, 325203, 230158, 250172, 277692, 322701, 237671, 332707, 282683, 275180, 240172, 265177, 32.1096, 285184, 257674, 242670, 265176, 257674, 242669, 285184
322701, 240173, 265176, 342713, 325203, 227663, 347716, 332707, 317699, 270178, 197646, 325203, 330205, 275181, 280182, 235163, 240176, 250189, 265176, 250172, 240176, 257674, 197646, 235159, 227664, 267677, 277692, 345215, 230165, 330206, 242669, 242670, 332707, 280182, 245170, 347716, 322702, 275180, 270178, 287685, 250172, 322702, 267688, 297690, 287685, 235163, 302691, 332707, 305193, 332707, 295188, 240178, 270178, 240181, 202624, 242678, 230167, 287685, 305193, 277681, 302692, 230167, 320199, 305192, 255173, 240172, 320201, 292688, 240181, 240169, 227663, 307695, 252673, 265177, 262677, 295188, 267687, 260176, 230161, 230166, 322701, 330205, 320200, 20.9092, 332707, 302692, 227658, 245185, 270178, 340211, 342712, 277681, 322702, 242676, 282684, 352718, 280190, 240175, 302692, 270179
347716, 262677, 240181, 240173, 297690, 270178, 352718, 280182, 227664, 307695, 280190, 342712, 240173, 280182, 270178, 330206, 230166, 322701, 287685, 280190, 240176, 287685, 265177, 277692, 262677, 292688, 227658, 302692, 267687, 227663, 345215, 322702, 267688, 347716, 240175, 292688, 297690, 270178, 262677, 250172, 280182, 307695, 332707, 322702, 345215, 297690, 322702, 275181, 322701, 255173, 255174, 240169, 287696, 227660, 337710, 352718, 227662, 272687, 275192, 287686, 227660, 237671, 227657, 352718, 245168, 282684, 347714, 282683, 340210, 245170, 272685, 277681, 330206, 227664, 340210, 245170, 230157, 287685, 262676, 317698, 322701, 277676, 267687, 322700, 247674, 300190, 315197, 330205, 237669, 280182, 242669, 227659, 272685, 275180, 277682, 275180, 300191, 265177, 302692, 262676
340210, 227657, 332707, 240169, 275181, 227660, 322702, 270178, 240176, 280182, 255173, 345215, 240173, 280190, 287685, 275180, 352718, 262677, 247674, 262677, 340210, 302692, 297690, 322702, 230157, 265177, 227664, 307695, 262677, 277682, 292688, 300191, 275180, 250172, 230157, 270178, 322702, 340210, 247674, 240173, 240176, 242669, 352718, 270178, 300191, 352718, 330205, 287685, 270178, 287685, 347717, 307694, 355219, 265177, 235167, 295188, 277691, 277681, 255174, 277681, 322701, 305194, 287684, 260175, 245174, 245173, 352718, 272679, 262677, 277681, 230148, 227659, 305193, 242677, 247675, 257674, 245170, 242679, 335207, 242670, 275181, 310194, 227662, 280183, 347715, 235168, 292687, 327703, 287685, 307694, 330205, 282683, 250173, 227665, 310195, 247670, 265176, 285184, 305193, 230167
242670, 227659, 265176, 227660, 307695, 277691, 335207, 270178, 260175, 242679, 287685, 227657, 270178, 340210, 292688, 280183, 322702, 230167, 247674, 270178, 327703, 352718, 245174, 307694, 262677, 352718, 277681, 250172, 255173, 310195, 247670, 347715, 270178, 340210, 330205, 332707, 292687, 335207, 305193, 240176, 287685, 292687, 262677, 270178, 280183, 262677, 307694, 250172, 250173, 345215, 275181, 327704, 342713, 270178, 227664, 287686, 282683, 227655, 230158, 300191, 275189, 325202, 265176, 312697, 227655, 230167, 292687, 367728, 300191, 242677, 297690, 267677, 357722, 252673, 227656, 280181, 282683, 250172, 245171, 300191, 295188, 322701, 295188, 230164, 280190, 272690, 275180, 262676, 340212, 275181, 267687, 287686, 252672, 312696, 272691, 317698, 230162, 230162, 265177, 310195
